1,1,Vehicles,0.0,#f2f595
1,2,Freight,0.0,#f2b694
1,3,Trucks,0.0,#c4ab4f
1,4,battery,19.71601661346265,#b2fa23
2,1,Vehicles,0.0,#f2f595
2,2,Passenger,0.0,#82b0fa
2,3,Buses,0.0,#7d9fc9
2,4,battery,2.4573214400349705,#b2fa23
3,1,Vehicles,0.0,#f2f595
3,2,Passenger,0.0,#82b0fa
3,3,Cars,0.0,#579cf7
3,4,battery,119.36063311084826,#b2fa23
4,1,Vehicles,0.0,#f2f595
4,2,Passenger,0.0,#82b0fa
4,3,Cars,0.0,#579cf7
4,4,vehicle,50.25005210043452,#adaaa0
