1,1,vehicles,0.0
1,2,freight,0.0
1,3,Trucks,0.0
1,4,battery,19.71601661346265
2,1,vehicles,0.0
2,2,passenger,0.0
2,3,Buses,0.0
2,4,battery,2.4573214400349705
3,1,vehicles,0.0
3,2,passenger,0.0
3,3,Cars,0.0
3,4,battery,119.36063311084826
4,1,vehicles,0.0
4,2,passenger,0.0
4,3,Cars,0.0
4,4,vehicle,50.25005210043452
